<?xml version="1.0" encoding="UTF-8"?>
<project-private xmlns="http://www.netbeans.org/ns/project-private/1">
    <editor-bookmarks xmlns="http://www.netbeans.org/ns/editor-bookmarks/2" lastBookmarkId="0"/>
    <open-files xmlns="http://www.netbeans.org/ns/projectui-open-files/2">
        <group>
            <file>file:/C:/MAMP/htdocs/web2Project/image/69012a8042fa5.jpg</file>
            <file>file:/C:/MAMP/htdocs/web2Project/image/one-many.png</file>
            <file>file:/C:/MAMP/htdocs/web2Project/image/Relational.png</file>
            <file>file:/C:/MAMP/htdocs/web2Project/image/default.png</file>
            <file>file:/C:/MAMP/htdocs/web2Project/image/select.png</file>
            <file>file:/C:/MAMP/htdocs/web2Project/add_question.php</file>
            <file>file:/C:/MAMP/htdocs/web2Project/take_quiz.php</file>
            <file>file:/C:/MAMP/htdocs/web2Project/image/router.png</file>
            <file>file:/C:/MAMP/htdocs/web2Project/signup_process.php</file>
            <file>file:/C:/MAMP/htdocs/web2Project/index.html</file>
            <file>file:/C:/MAMP/htdocs/web2Project/edit_question_action.php</file>
            <file>file:/C:/MAMP/htdocs/web2Project/signup.php</file>
            <file>file:/C:/MAMP/htdocs/web2Project/LernerHomepage.php</file>
            <file>file:/C:/MAMP/htdocs/web2Project/image/Ethernet.png</file>
            <file>file:/C:/MAMP/htdocs/web2Project/comment.php</file>
            <file>file:/C:/MAMP/htdocs/web2Project/image/ip.png</file>
            <file>file:/C:/MAMP/htdocs/web2Project/get_educators.php</file>
            <file>file:/C:/MAMP/htdocs/web2Project/db_connect.php</file>
            <file>file:/C:/MAMP/htdocs/web2Project/edit_question.php</file>
            <file>file:/C:/MAMP/htdocs/web2Project/Recommend.php</file>
            <file>file:/C:/MAMP/htdocs/web2Project/check-login.php</file>
            <file>file:/C:/MAMP/htdocs/web2Project/submit_quiz.php</file>
            <file>file:/C:/MAMP/htdocs/web2Project/image/subnet.png</file>
            <file>file:/C:/MAMP/htdocs/web2Project/style.css</file>
            <file>file:/C:/MAMP/htdocs/web2Project/image/tech.png</file>
            <file>file:/C:/MAMP/htdocs/web2Project/review_recommendition.php</file>
            <file>file:/C:/MAMP/htdocs/web2Project/image/6900c1dce8fd4.jpg</file>
            <file>file:/C:/MAMP/htdocs/web2Project/image/lan.png</file>
            <file>file:/C:/MAMP/htdocs/web2Project/login.php</file>
            <file>file:/C:/MAMP/htdocs/web2Project/image/Class.png</file>
            <file>file:/C:/MAMP/htdocs/web2Project/save_recommend.php</file>
            <file>file:/C:/MAMP/htdocs/web2Project/educator.php</file>
            <file>file:/C:/MAMP/htdocs/web2Project/image/primarykey.png</file>
            <file>file:/C:/MAMP/htdocs/web2Project/image/Frontend.png</file>
            <file>file:/C:/MAMP/htdocs/web2Project/logout.php</file>
            <file>file:/C:/MAMP/htdocs/web2Project/submit_feedback.php</file>
            <file>file:/C:/MAMP/htdocs/web2Project/add_question_action.php</file>
            <file>file:/C:/MAMP/htdocs/web2Project/image/star.png</file>
            <file>file:/C:/MAMP/htdocs/web2Project/delete_question.php</file>
            <file>file:/C:/MAMP/htdocs/web2Project/quiz.php</file>
            <file>file:/C:/MAMP/htdocs/web2Project/fetch_quizzes.php</file>
            <file>file:/C:/MAMP/htdocs/web2Project/image/JavaScript.png</file>
        </group>
    </open-files>
</project-private>
